Country,HCI
Slovakia,0.6785109983079526
Gabon,0.2707275803722505
Sri Lanka,0.4923857868020304
Tanzania,0.1810490693739425
Paraguay,0.4060913705583757
Cote d'Ivoire,0.1015228426395939
Mozambique,0.1150592216582064
Namibia,0.2402707275803723
Morocco,0.350253807106599
Thailand,0.5262267343485618
Cambodia,0.3384094754653131
Hong Kong,0.8950930626057528
Brazil,0.451776649746193
Kazakhstan,0.7664974619289341
China,0.6429780033840949
Croatia,0.727580372250423
